{
  "bootstrap_cis": {
    "copresence": {
      "Alone": {
        "obs_mean": 0.35320599376635814,
        "syn_mean": 0.4883854102600126,
        "gap_pp": 13.517941649365445,
        "gap_ci_lo_pp": 13.1198966557103,
        "gap_ci_hi_pp": 13.888164463932158,
        "statistically_real": true
      },
      "Spouse": {
        "obs_mean": 0.22370377452740356,
        "syn_mean": 0.41731423270723733,
        "gap_pp": 19.361045817983378,
        "gap_ci_lo_pp": 18.931136924262937,
        "gap_ci_hi_pp": 19.758850724716158,
        "statistically_real": true
      },
      "Children": {
        "obs_mean": 0.06557779564269471,
        "syn_mean": 0.027344774495532905,
        "gap_pp": -3.82330211471618,
        "gap_ci_lo_pp": -3.9798195395144207,
        "gap_ci_hi_pp": -3.663214782915243,
        "statistically_real": true
      },
      "parents": {
        "obs_mean": 0.019001095310199133,
        "syn_mean": 0.003931131932194835,
        "gap_pp": -1.5069963378004296,
        "gap_ci_lo_pp": -1.5654003662849998,
        "gap_ci_hi_pp": -1.4459539570520026,
        "statistically_real": true
      },
      "friends": {
        "obs_mean": 0.04798258690935203,
        "syn_mean": 0.008127241743546511,
        "gap_pp": -3.985534516580552,
        "gap_ci_lo_pp": -4.074380860462423,
        "gap_ci_hi_pp": -3.903038122518641,
        "statistically_real": true
      },
      "others": {
        "obs_mean": 0.07704798291212021,
        "syn_mean": 0.012397741069059175,
        "gap_pp": -6.465024184306103,
        "gap_ci_lo_pp": -6.582641207208754,
        "gap_ci_hi_pp": -6.346813684417977,
        "statistically_real": true
      },
      "colleagues": {
        "obs_mean": 0.07272323330866358,
        "syn_mean": 0.01057313239529511,
        "gap_pp": -6.215010091336847,
        "gap_ci_lo_pp": -6.386676897434065,
        "gap_ci_hi_pp": -6.041614300717387,
        "statistically_real": true
      }
    },
    "at_home": {
      "obs_mean": 0.7250036423617073,
      "syn_mean": 0.7391295015688172,
      "gap_pp": 1.4125859207109848,
      "gap_ci_lo_pp": 1.1442690690643804,
      "gap_ci_hi_pp": 1.6828011907920994,
      "statistically_real": true
    }
  },
  "calibration": {
    "Alone": {
      "bin_centers": [
        0.05,
        0.15000000000000002,
        0.25,
        0.35000000000000003,
        0.45,
        0.55,
        0.6500000000000001,
        0.75,
        0.8500000000000001,
        0.95
      ],
      "bin_means_sigma": [
        0.02933906798826626,
        0.14030545603341232,
        0.2449974277057265,
        0.34782784132370914,
        0.44468252764136196,
        0.5459333876626425,
        0.6535966830748097,
        0.7581052345545491,
        0.8613840129685354,
        0.9760952252199231
      ],
      "bin_means_label": [
        0.24729049660690045,
        0.3016762614290552,
        0.2642211488482359,
        0.25136933911254516,
        0.2278526159839776,
        0.2970800298350783,
        0.3709575868582222,
        0.43379748546708125,
        0.4543034931641264,
        0.47018804245309276
      ],
      "n_per_bin": [
        2542071,
        354360,
        157758,
        113741,
        72898,
        36199,
        34942,
        73970,
        244592,
        2514964
      ],
      "mae": 0.2480622274728194
    },
    "Spouse": {
      "bin_centers": [
        0.05,
        0.15000000000000002,
        0.25,
        0.35000000000000003,
        0.45,
        0.55,
        0.6500000000000001,
        0.75,
        0.8500000000000001,
        0.95
      ],
      "bin_means_sigma": [
        0.011645109819536035,
        0.14155052872445228,
        0.2435825693426289,
        0.34644474202335673,
        0.44714441640133573,
        0.5483000612494896,
        0.6528251873497667,
        0.759184696714406,
        0.8625914887600735,
        0.9756987265165564
      ],
      "bin_means_label": [
        0.06079044273638049,
        0.2357312982429888,
        0.2141318332784776,
        0.19265312727566955,
        0.16704201289120138,
        0.1871171906900776,
        0.3742282132252439,
        0.5314658803706824,
        0.4465102031198454,
        0.4320162709918831
      ],
      "n_per_bin": [
        3287803,
        160386,
        66842,
        37077,
        25754,
        19592,
        21217,
        47480,
        169752,
        2313811
      ],
      "mae": 0.24339332589499135
    },
    "Children": {
      "bin_centers": [
        0.05,
        0.15000000000000002,
        0.25,
        0.35000000000000003,
        0.45,
        0.55,
        0.6500000000000001,
        0.75,
        0.8500000000000001,
        0.95
      ],
      "bin_means_sigma": [
        0.005569056247525143,
        0.14066271149945037,
        0.24431747187828762,
        0.3455177952225005,
        0.4433506772757412,
        0.5381469815539408,
        0.6533055496264675,
        0.7567239720034995,
        0.8603728682966921,
        0.9725031985843057
      ],
      "bin_means_label": [
        0.057018746909079786,
        0.1993222951302712,
        0.1863181462598797,
        0.20005779233288384,
        0.22127498342332103,
        0.2956959195081051,
        0.3223052294557097,
        0.3347914843977836,
        0.3503184713375796,
        0.33821821600398166
      ],
      "n_per_bin": [
        5884170,
        88239,
        37071,
        20764,
        10557,
        3578,
        1874,
        3429,
        9734,
        90415
      ],
      "mae": 0.26753675460145654
    },
    "parents": {
      "bin_centers": [
        0.05,
        0.15000000000000002,
        0.25,
        0.35000000000000003,
        0.45,
        0.55,
        0.6500000000000001,
        0.75,
        0.8500000000000001,
        0.95
      ],
      "bin_means_sigma": [
        0.0029341157467626003,
        0.13487036754419435,
        0.23936324395029435,
        0.3397796185935638,
        0.44657508196721313,
        0.5477375661375661,
        0.6522201970443349,
        0.7511381107491857,
        0.8546692426584235,
        0.9611833081190115
      ],
      "bin_means_label": [
        0.0187364963824138,
        0.07770571028869389,
        0.08796599084368868,
        0.13230035756853398,
        0.14754098360655737,
        0.12698412698412698,
        0.1625615763546798,
        0.10749185667752444,
        0.09119010819165378,
        0.1346444780635401
      ],
      "n_per_bin": [
        6126599,
        15726,
        3058,
        839,
        305,
        189,
        203,
        307,
        647,
        1983
      ],
      "mae": 0.387495392882044
    },
    "friends": {
      "bin_centers": [
        0.05,
        0.15000000000000002,
        0.25,
        0.35000000000000003,
        0.45,
        0.55,
        0.6500000000000001,
        0.75,
        0.8500000000000001,
        0.95
      ],
      "bin_means_sigma": [
        0.005491175621961175,
        0.13483971990663554,
        0.2401732538330494,
        0.34392050912584055,
        0.44494050505050503,
        0.5477484848484848,
        0.651219257221458,
        0.7550640820980615,
        0.8556979550102249,
        0.9696810507593377
      ],
      "bin_means_label": [
        0.047689783531246345,
        0.07722574191397133,
        0.10017035775127768,
        0.09029779058597502,
        0.09797979797979799,
        0.1046831955922865,
        0.07015130674002751,
        0.07639680729760548,
        0.07975460122699386,
        0.09399370638938295
      ],
      "n_per_bin": [
        6099818,
        29990,
        5870,
        2082,
        990,
        726,
        727,
        877,
        1467,
        7309
      ],
      "mae": 0.4194830120285564
    },
    "others": {
      "bin_centers": [
        0.05,
        0.15000000000000002,
        0.25,
        0.35000000000000003,
        0.45,
        0.55,
        0.6500000000000001,
        0.75,
        0.8500000000000001,
        0.95
      ],