{
  "bootstrap_cis": {
    "copresence": {
      "Alone": {
        "obs_mean": 0.35320599376635814,
        "syn_mean": 0.4628833371383005,
        "gap_pp": 10.967734337194235,
        "gap_ci_lo_pp": 10.739006613406888,
        "gap_ci_hi_pp": 11.178264301960889,
        "statistically_real": true
      },
      "Spouse": {
        "obs_mean": 0.22370377452740356,
        "syn_mean": 0.36164393782553605,
        "gap_pp": 13.79401632981325,
        "gap_ci_lo_pp": 13.565871160235293,
        "gap_ci_hi_pp": 14.019286459146361,
        "statistically_real": true
      },
      "Children": {
        "obs_mean": 0.06557779564269471,
        "syn_mean": 0.08539770308442993,
        "gap_pp": 1.9819907441735216,
        "gap_ci_lo_pp": 1.8384353959669952,
        "gap_ci_hi_pp": 2.108624113556479,
        "statistically_real": true
      },
      "parents": {
        "obs_mean": 0.019001095310199133,
        "syn_mean": 0.04154267025114085,
        "gap_pp": 2.2541574940941715,
        "gap_ci_lo_pp": 2.1900415462573433,
        "gap_ci_hi_pp": 2.3181422233301077,
        "statistically_real": true
      },
      "friends": {
        "obs_mean": 0.04798258690935203,
        "syn_mean": 0.09171130816721562,
        "gap_pp": 4.372872125786359,
        "gap_ci_lo_pp": 4.283997307823141,
        "gap_ci_hi_pp": 4.459249932112232,
        "statistically_real": true
      },
      "others": {
        "obs_mean": 0.07704798291212021,
        "syn_mean": 0.06758633081815248,
        "gap_pp": -0.9461652093967737,
        "gap_ci_lo_pp": -1.0612580125453361,
        "gap_ci_hi_pp": -0.8270273097451375,
        "statistically_real": true
      },
      "colleagues": {
        "obs_mean": 0.07272323330866358,
        "syn_mean": 0.02900352416381782,
        "gap_pp": -4.371970914484575,
        "gap_ci_lo_pp": -4.534268361976889,
        "gap_ci_hi_pp": -4.2067218536942965,
        "statistically_real": true
      }
    },
    "at_home": {
      "obs_mean": 0.7250036423617073,
      "syn_mean": 0.9236991890541827,
      "gap_pp": 19.869554669247535,
      "gap_ci_lo_pp": 19.65475207874786,
      "gap_ci_hi_pp": 20.059059106424577,
      "statistically_real": true
    }
  },
  "calibration": {
    "Alone": {
      "bin_centers": [
        0.05,
        0.15000000000000002,
        0.25,
        0.35000000000000003,
        0.45,
        0.55,
        0.6500000000000001,
        0.75,
        0.8500000000000001,
        0.95
      ],
      "bin_means_sigma": [
        0.09011782178217823,
        0.1768370224342546,
        0.2609172761216903,
        0.35232784437510384,
        0.4485733616133996,
        0.5486866887843646,
        0.6432497942486385,
        0.736352684017975,
        0.8232695234042553,
        0.90836875
      ],
      "bin_means_label": [
        0.07260726072607261,
        0.1296902311766484,
        0.197391288231428,
        0.2782685073637817,
        0.3529186292795498,
        0.4141149773296077,
        0.47158308798803955,
        0.5416467545610435,
        0.5968085106382979,
        0.65625
      ],
      "n_per_bin": [
        303,
        76089,
        701419,
        1409466,
        1518384,
        1344926,
        826726,
        249011,
        23500,
        32
      ],
      "mae": 0.12774215194873906
    },
    "Spouse": {
      "bin_centers": [
        0.05,
        0.15000000000000002,
        0.25,
        0.35000000000000003,
        0.45,
        0.55,
        0.6500000000000001,
        0.75,
        0.8500000000000001,
        0.95
      ],
      "bin_means_sigma": [
        0.0883416941549017,
        0.16508732797281023,
        0.2533505170245999,
        0.34939281014187573,
        0.4450445478665993,
        0.5454312350184728,
        0.6351892228882043,
        0.7240003596079114,
        0.8136888888888889,
        0.95
      ],
      "bin_means_label": [
        0.008444385802876368,
        0.024579999409489503,
        0.08254088295696116,
        0.1917358070281419,
        0.32571616412790483,
        0.46609523301321254,
        0.5749638146402108,
        0.651006322139087,
        0.6444444444444445,
        NaN
      ],
      "n_per_bin": [
        15158,
        609642,
        1496834,
        1758018,
        1320263,
        712127,
        220393,
        17241,
        180,
        0
      ],
      "mae": 0.11666661666688175
    },
    "Children": {
      "bin_centers": [
        0.05,
        0.15000000000000002,
        0.25,
        0.35000000000000003,
        0.45,
        0.55,
        0.6500000000000001,
        0.75,
        0.8500000000000001,
        0.95
      ],
      "bin_means_sigma": [
        0.053165072518286935,
        0.13745537954659645,
        0.23333307877054263,
        0.33274386094155617,
        0.43273640710382516,
        0.5349615107913669,
        0.62698,
        0.75,
        0.8500000000000001,
        0.95
      ],
      "bin_means_label": [
        0.07401725151940394,
        0.04551750860262961,
        0.05672342607334647,
        0.08791131691573703,
        0.15368852459016394,
        0.2805755395683453,
        0.2,
        NaN,
        NaN,
        NaN
      ],
      "n_per_bin": [
        4170879,
        1687856,
        259399,
        28506,
        2928,
        278,
        10,
        0,
        0,
        0
      ],
      "mae": 0.2135208714863974
    },
    "parents": {
      "bin_centers": [
        0.05,
        0.15000000000000002,
        0.25,
        0.35000000000000003,
        0.45,
        0.55,
        0.6500000000000001,
        0.75,
        0.8500000000000001,
        0.95
      ],
      "bin_means_sigma": [
        0.03353999258089221,
        0.13155865580589093,
        0.22843058924153098,
        0.32733913043478263,
        0.4151749999999999,
        0.55,
        0.6500000000000001,
        0.75,
        0.8500000000000001,
        0.95
      ],
      "bin_means_label": [
        0.01909188431259925,
        0.017634526741467222,
        0.021962916577572777,
        0.0024154589371980675,
        0.0,
        NaN,
        NaN,
        NaN,
        NaN,
        NaN
      ],
      "n_per_bin": [
        5682624,
        433241,
        32737,
        1242,
        12,
        0,
        0,
        0,
        0,
        0
      ],
      "mae": 0.21498771629885188
    },
    "friends": {
      "bin_centers": [
        0.05,
        0.15000000000000002,
        0.25,
        0.35000000000000003,
        0.45,
        0.55,
        0.6500000000000001,
        0.75,
        0.8500000000000001,
        0.95
      ],
      "bin_means_sigma": [
        0.0684166482939135,
        0.1294904884696685,
        0.22509640847221013,
        0.321877037037037,
        0.41425555555555554,
        0.55,
        0.6500000000000001,
        0.75,
        0.8500000000000001,
        0.95
      ],
      "bin_means_label": [
        0.03926837749495792,
        0.06166114227616941,
        0.10819300235581537,
        0.13728395061728396,
        0.25925925925925924,
        NaN,
        NaN,
        NaN,
        NaN,
        NaN
      ],
      "n_per_bin": [
        3954225,
        2101891,
        91688,
        2025,
        27,
        0,
        0,
        0,
        0,
        0
      ],
      "mae": 0.11069408116497977
    },
    "others": {
      "bin_centers": [
        0.05,
        0.15000000000000002,
        0.25,
        0.35000000000000003,
        0.45,
        0.55,
        0.6500000000000001,
        0.75,
        0.8500000000000001,
        0.95
      ],
      "bin_means_sigma": [
        0.05347970148054675,
        0.13049860939719896,
        0.22757806690814655,
        0.3284666237666238,
        0.4259935064935065,
        0.55,
        0.6500000000000001,
        0.75,
        0.8500000000000001,
        0.95
      ],