{
  "bootstrap_cis": {
    "copresence": {
      "Alone": {
        "obs_mean": 0.35320599376635814,
        "syn_mean": 0.5139702687835294,
        "gap_pp": 16.076427501717124,
        "gap_ci_lo_pp": 15.839525363114195,
        "gap_ci_hi_pp": 16.32610216605072,
        "statistically_real": true
      },
      "Spouse": {
        "obs_mean": 0.22370377452740356,
        "syn_mean": 0.2891568610061765,
        "gap_pp": 6.5453086478772935,
        "gap_ci_lo_pp": 6.3244503716021905,
        "gap_ci_hi_pp": 6.769453716070744,
        "statistically_real": true
      },
      "Children": {
        "obs_mean": 0.06557779564269471,
        "syn_mean": 0.07955685689225894,
        "gap_pp": 1.397906124956423,
        "gap_ci_lo_pp": 1.2573535771406688,
        "gap_ci_hi_pp": 1.5251985321282333,
        "statistically_real": true
      },
      "parents": {
        "obs_mean": 0.019001095310199133,
        "syn_mean": 0.050292363268343195,
        "gap_pp": 3.1291267958144062,
        "gap_ci_lo_pp": 3.0684451579028837,
        "gap_ci_hi_pp": 3.192739642684316,
        "statistically_real": true
      },
      "friends": {
        "obs_mean": 0.04798258690935203,
        "syn_mean": 0.08114036774194389,
        "gap_pp": 3.315778083259185,
        "gap_ci_lo_pp": 3.224666802279598,
        "gap_ci_hi_pp": 3.3980634491279154,
        "statistically_real": true
      },
      "others": {
        "obs_mean": 0.07704798291212021,
        "syn_mean": 0.08978053595076047,
        "gap_pp": 1.273255303864025,
        "gap_ci_lo_pp": 1.1542939686717861,
        "gap_ci_hi_pp": 1.3967279663133592,
        "statistically_real": true
      },
      "colleagues": {
        "obs_mean": 0.07272323330866358,
        "syn_mean": 0.02519415513143723,
        "gap_pp": -4.752907817722635,
        "gap_ci_lo_pp": -4.923057956593833,
        "gap_ci_hi_pp": -4.59187541665265,
        "statistically_real": true
      }
    },
    "at_home": {
      "obs_mean": 0.7250036423617073,
      "syn_mean": 0.778415299480183,
      "gap_pp": 5.341165711847562,
      "gap_ci_lo_pp": 5.104212196188002,
      "gap_ci_hi_pp": 5.569743421634574,
      "statistically_real": true
    }
  },
  "calibration": {
    "Alone": {
      "bin_centers": [
        0.05,
        0.15000000000000002,
        0.25,
        0.35000000000000003,
        0.45,
        0.55,
        0.6500000000000001,
        0.75,
        0.8500000000000001,
        0.95
      ],
      "bin_means_sigma": [
        0.09303306666666665,
        0.17431378953696006,
        0.2573807518777841,
        0.3524647931524746,
        0.4479255222370921,
        0.5529391803528526,
        0.6482228882857819,
        0.7448424558830867,
        0.8293289227728092,
        0.9076438675696011
      ],
      "bin_means_label": [
        0.248,
        0.2710524919997878,
        0.2648893388990247,
        0.2673249742478599,
        0.28668403090751987,
        0.32050059167353967,
        0.39673069849941656,
        0.5461808847822721,
        0.6653984186082217,
        0.6779533483822423
      ],
      "n_per_bin": [
        375,
        113122,
        628134,
        1041661,
        1126069,
        1115480,
        1133759,
        781503,
        208424,
        1329
      ],
      "mae": 0.15818089059700277
    },
    "Spouse": {
      "bin_centers": [
        0.05,
        0.15000000000000002,
        0.25,
        0.35000000000000003,
        0.45,
        0.55,
        0.6500000000000001,
        0.75,
        0.8500000000000001,
        0.95
      ],
      "bin_means_sigma": [
        0.09066002700540109,
        0.16575048256893024,
        0.24975433592572768,
        0.3440728116072446,
        0.4411172122429246,
        0.5369832005384164,
        0.6298230968823599,
        0.7201586413586413,
        0.8500000000000001,
        0.95
      ],
      "bin_means_label": [
        0.0072014402880576115,
        0.06290989531268415,
        0.16716302315244366,
        0.2988236816883265,
        0.4344899401242144,
        0.5422266125355507,
        0.6043670911340865,
        0.6703296703296703,
        NaN,
        NaN
      ],
      "n_per_bin": [
        19996,
        1179417,
        2445487,
        1622435,
        672225,
        184244,
        25051,
        1001,
        0,
        0
      ],
      "mae": 0.050161909694860084
    },
    "Children": {
      "bin_centers": [
        0.05,
        0.15000000000000002,
        0.25,
        0.35000000000000003,
        0.45,
        0.55,
        0.6500000000000001,
        0.75,
        0.8500000000000001,
        0.95
      ],
      "bin_means_sigma": [
        0.059084549585520896,
        0.13128867246715903,
        0.2310241794036583,
        0.3271395640130073,
        0.4210611111111111,
        0.55,
        0.6500000000000001,
        0.75,
        0.8500000000000001,
        0.95
      ],
      "bin_means_label": [
        0.057739903845630075,
        0.0875964862804082,
        0.09962933842524992,
        0.11140551607852583,
        0.19230769230769232,
        NaN,
        NaN,
        NaN,
        NaN,
        NaN
      ],
      "n_per_bin": [
        4589495,
        1436085,
        115739,
        8303,
        234,
        0,
        0,
        0,
        0,
        0
      ],
      "mae": 0.12418382792859006
    },
    "parents": {
      "bin_centers": [
        0.05,
        0.15000000000000002,
        0.25,
        0.35000000000000003,
        0.45,
        0.55,
        0.6500000000000001,
        0.75,
        0.8500000000000001,
        0.95
      ],
      "bin_means_sigma": [
        0.04604853204076206,
        0.12213111192919765,
        0.22107708333333334,
        0.31254,
        0.45,
        0.55,
        0.6500000000000001,
        0.75,
        0.8500000000000001,
        0.95
      ],
      "bin_means_label": [
        0.018804248815959317,
        0.0223726703241119,
        0.023697916666666666,
        0.0,
        NaN,
        NaN,
        NaN,
        NaN,
        NaN,
        NaN
      ],
      "n_per_bin": [
        5811878,
        334113,
        3840,
        25,
        0,
        0,
        0,
        0,
        0,
        0
      ],
      "mae": 0.15923047287413877
    },
    "friends": {
      "bin_centers": [
        0.05,
        0.15000000000000002,
        0.25,
        0.35000000000000003,
        0.45,
        0.55,
        0.6500000000000001,
        0.75,
        0.8500000000000001,
        0.95
      ],
      "bin_means_sigma": [
        0.05923272939349596,
        0.1322223449998248,
        0.22823638552044362,
        0.32637341895310373,
        0.4165526717557252,
        0.55,
        0.6500000000000001,
        0.75,
        0.8500000000000001,
        0.95
      ],
      "bin_means_label": [
        0.054964117994406904,
        0.030224994345675157,
        0.019898120182121445,
        0.014399688655380424,
        0.0,
        NaN,
        NaN,
        NaN,
        NaN,
        NaN
      ],
      "n_per_bin": [
        4464076,
        1569595,
        110915,
        5139,
        131,
        0,
        0,
        0,
        0,
        0
      ],
      "mae": 0.20862612588900187
    },
    "others": {
      "bin_centers": [
        0.05,
        0.15000000000000002,
        0.25,
        0.35000000000000003,
        0.45,
        0.55,
        0.6500000000000001,
        0.75,
        0.8500000000000001,
        0.95
      ],
      "bin_means_sigma": [
        0.06299445389480784,
        0.1340318617423587,
        0.2315650407532393,
        0.3286157588058138,
        0.4234013861386139,
        0.5067200000000001,
        0.6500000000000001,
        0.75,
        0.8500000000000001,
        0.95
      ],
      "bin_means_label": [
        0.07174116214146603,
        0.09148673272282222,
        0.06028747350154058,
        0.04340709702762865,
        0.041584158415841586,
        0.0,
        NaN,
        NaN,
        NaN,
        NaN
      ],